date,venue,location,url
2025-07-15,Midway Cafe,"Jamaica Plain / Boston, MA",https://tockify.com/midwaycafejp/detail/2352/1752622200000
2025-08-13,Midway Cafe,"Jamaica Plain / Boston, MA",https://tockify.com/midwaycafejp/detail/384/1755129600000
2025-10-30,The Jungle,"Somerville, MA",https://www.eventbrite.com/e/the-juice-is-okay-the-new-mexican-standoff-pyramid-scheme-beti-zet-tickets-1681771496819?aff=oddtdtcreator
2026-03-20,Walnut St. Coffee Cafe,"Lynn, MA",https://kweeks14.wixsite.com/cl-newsite/performers
2026-04-14,The Jungle,"Somerville, MA",https://www.eventbrite.com/e/new-mexican-standoff-bund-aidan-oconnell-tickets-1982095905209
2026-05-02,Walnut St. Coffee Cafe,"Lynn, MA",https://kweeks14.wixsite.com/cl-newsite/performers
2026-07-04,Haze,"Northampton, MA",https://www.instagram.com/p/DaV81Y5PyfF/?utm_source=ig_web_copy_link&igsh=MzRlODBiNWFlZA==
2026-06-16,The Jungle,"Somerville, MA",https://www.eventbrite.com/e/new-mexican-standoff-paris-level-romance-maddie-jake-tickets-1991845506529?aff=oddtdtcreator&fbclid=PAVERFWASa2SNleHRuA2FlbQIxMABzcnRjBmFwcF9pZA8xMjQwMjQ1NzQyODc0MTQAAadU-Dda9JcFblZaRCzk6mXnyFityrcmJMa7nKreyq35h2lOknV1ltjbuq1Tyg_aem_YWdncwAVdV2pguMqi5zTQGqcMT6a
2026-07-25,Brattleboro Porch Festival,"Brattleboro, VT",https://newmexicanstandoff.com/posters/brattleboro-porch-fest-26/poster.png
2026-09-12,The Jungle,"Somerville, MA",https://www.eventbrite.com/e/stage-light-new-mexican-standoff-maximum-utility-gull-boy-tickets-1997801999560?aff=oddtdtcreator
2026-09-19,Melrose Porchfest,"152 Lincoln St, Melrose, MA",https://melroseporchfest.org/map/#schedule